Parameter,Value
MSE,3.192742758284168
MAE,1.0058998358692277
R-SQUARED,-0.03889148713693813
RMSE,1.786824769887682
ACCURACY,62.7467506543051
