Parameter,Value
MSE,1.689659761344985
MAE,0.5833296366943175
R-SQUARED,0.45019900595984697
RMSE,1.2998691323917901
ACCURACY,76.31637315352882
